{"train_loss": 0.11222153455496599, "_timestamp": 1707718037.022693, "_runtime": 150.1280698776245, "_step": 5, "val_loss": 0.11910399483211005}