{"Epoch Loss": 0.12709567469827246, "_timestamp": 1707740157.9873533, "_runtime": 73.98331141471863, "_step": 4913}