{"Train Loss": 0.04284722677568445, "Train Accuracy": 0.9836943402023394, "_timestamp": 1707742534.9494534, "_runtime": 1549.1492023468018, "_step": 456, "Accuracy": 0.9786692415730337, "Precision": 0.978159757330637, "Recall": 0.9728479485116653, "F1 Score": 0.9754966219622869, "TP": 4837, "FN": 135, "FP": 108, "TN": 6312, "ROC Curve": {"_type": "image-file", "sha256": "c490ef72e7ee43e00cd474fece0331604391928e2b74affc3121d4fa9b89356f", "size": 2306, "path": "media/images/ROC Curve_456_c490ef72e7ee43e00cd4.png", "format": "png", "width": 640, "height": 480}, "_wandb": {"runtime": 1548}}