{"Epoch Loss": 0.0408473129572577, "_timestamp": 1707740062.060753, "_runtime": 89.71026515960693, "_step": 5935}