{"Accuracy": 0.9427668539325843, "Precision": 0.9438964241676943, "Recall": 0.923773129525342, "F1 Score": 0.9337263671477944, "TP": 4593, "FN": 379, "FP": 273, "TN": 6147, "_timestamp": 1707737269.6241338, "_runtime": 151.6040108203888, "_step": 0, "_wandb": {"runtime": 150}}