{"Train Loss": 0.14898279301097533, "Train Accuracy": 0.9406149186911581, "_timestamp": 1707740904.0768542, "_runtime": 165.84313225746155, "_step": 366, "Accuracy": 0.9427668539325843, "Precision": 0.9438964241676943, "Recall": 0.923773129525342, "F1 Score": 0.9337263671477944, "TP": 4593, "FN": 379, "FP": 273, "TN": 6147, "ROC Curve": {"_type": "image-file", "sha256": "c490ef72e7ee43e00cd474fece0331604391928e2b74affc3121d4fa9b89356f", "size": 2306, "path": "media/images/ROC Curve_366_c490ef72e7ee43e00cd4.png", "format": "png", "width": 640, "height": 480}, "_wandb": {"runtime": 164}}