{"Accuracy": 0.9499648876404494, "Precision": 0.9393213572854291, "Recall": 0.9465004022526147, "F1 Score": 0.9428972149869765, "TP": 4706, "FN": 266, "FP": 304, "TN": 6116, "Epoch Loss": 0.15560245839159495, "_timestamp": 1707738968.2121313, "_runtime": 219.9592113494873, "_step": 1, "ROC Curve": {"_type": "image-file", "sha256": "c490ef72e7ee43e00cd474fece0331604391928e2b74affc3121d4fa9b89356f", "size": 2306, "path": "media/images/ROC Curve_1_c490ef72e7ee43e00cd4.png", "format": "png", "width": 640, "height": 480}, "_wandb": {"runtime": 218}}